post,upvotes
"Help, please recommend short courses or books one can refer to up-skill themselves in the field of IOBP?",3
"Hello, how can a fresh graduate go about finding jobs in this field in London/UK market?",3
"graduating in the spring w/ masters degree; when do I start applying, where are the best cities for IO psychs?",12
How much do I have to like the I side to realistically enjoy working in IO? Am I considering IO for the right reasons?,24
"Finally, some me time: A new theoretical perspective on the benefits of commuting",9
What are you working on? - November 2022,10
"Bi-Weekly /r/IOpsychology Discussion - What have you been reading, and what do you think of it?",1
"Interesting, startup meets corporate",33
"Free virtual conference for undergraduate students interested in obtaining a PhD in I/O, hosted by SIOP on Nov. 7th and 8th. Save the date!",26
Seeking employment in mid-career.,13
MS thesis on POPs and Knowledge Hiding in Higher ed Faculty,1
Ever Thought About Strikes? Development of a Scale to Assess Attitudes and Behavioral Reactions to Strikes,7
IO Psychology Articles that Everyone Should Read,43
Organizational Behavior vs I-O Psychology differences,6
OD Consultants: how do you put your experience on your resume?,11
Qualitative network analysis?,4
Beginner Resources for Network Psychometrics?,4
Prepping for Masters in IO Psychology,5
Recommendations?: Where to start an I/O Psych career?,7
Is this a good job offer?,16
How hard is it to learn Tableau?,3
[OC] I/O Psychology Salary Before and After Adjustment for Cost Of Living by State,62
Interview request - job shadow,9
I/O &amp; Performance Psych,9
burnout studies in organizations,3
Amazons attrition costs $8 billion annually according to leaked documents. And it gets worse.,42
"Bi-Weekly /r/IOpsychology Discussion - What have you been reading, and what do you think of it?",6
Example of Job Analyses?,2
Reliability and validity,14
Do I/O Psych PhD programs suck your lifeblood?,24
Certificate in IO Psych vs. MA in IO Psych,6
Licensing,5
"Experience using RevMan, Covidence or other software for a meta-analysis",5
Is it better to send corporate survey before Christmas or after New Year's?,6
"Currently a clinical Psych RA, contemplating shifting to an I/O career&what relevant experience do I need to apply to programs?",16
Consumer behaviour,1
psych studies published in non-psych journals,1
my predictive index results,6
Working in a corporation? career?,4
What burns you out in this field?,32
Who are some of the biggest unconventional team / leadership development consulting firms?,14
"Bi-Weekly /r/IOpsychology Discussion - What have you been reading, and what do you think of it?",3
Team exercises?,10
SIOP Conference too expensive?,15
What/why do proposals get rejected from SIOP Annual Conference? What typically gets accepted?,6
"If someone said ""the way we work has not changed much since the industrial era"" what kind of data or proof would you identify to reinforce that?",3
What is the impact of forcing employees to commute back to work after working from home?,69
How do you define personality?,3
Trying to find access to an article,7
IO resume question,7
Scope for IO Psychology outside the USA ( majorly Australia and India),1
Would online Coursera courses fulfill grad school prerequisite?,4
Yay! Pop culture is finally listening to what weve been saying for decades!,108
We are all playing for the same team right?,14
Book recommendations?,9
Has anyone here transitioned from more traditional IO Psych work to UX Research?,28
"Bi-Weekly /r/IOpsychology Discussion - What have you been reading, and what do you think of it?",8
Work-life Integration - question regarding my degree thesis,6
How do you get your value proposition in laymans terms? I always hit a wall trying to explain what I do in a compelling manner without boring or confusing people.,14
did anyone not get SIOP feedback?,2
SIOP Conference Decisions?,7
How to remove careless responding from reverse scored survey,6
Is our field dying? I feel like any Joe Blogs gets roles in fields IO psychs are working in. What do you think?,19
Survey crowdsourcing,3
Message to IO Students: Don't let imposter syndrome discourage you,56
What are some interesting topics you think should be researched nowadays in the IOPsychology field?,22
What type of internship would you recommend?,12
How has a Ph.D in IO made a difference in your career compared to your Masters?,30
Alternatives to MTurk,7
What global job evaluation methodology do you rate as the most practical and effective?,8
Introductory books to IO Psychology / Podcast recommendations,18
Feeling a bit lost.. (CA),18
What do you read for fun?,5
People Analytics / HR data analytics question,21
"Bi-Weekly /r/IOpsychology Discussion - What have you been reading, and what do you think of it?",6
Statistics/Psychometrics,1
NEED SOME ADVICE &lt;3,2
How can I learn to do job analysis (beyond simply re-reading my IO Psych textbook)?,15
Any recommendations for good certification courses for some with 3-5 years experience?,8
A New ScienceForWork Article &amp; Audio Episode (See Link),5
Need inspiration for ad-hoc data projects,8
Research into IO Psych,9
IO Psych advice for undergrad,11
"Where could I find some I/O firms from South America, and Asia?",10
Does anyone also have HR certifications?,11
What are the dream positions or organizations in this field?,5
What internship would you go for as an undergrad?,10
How is IO Psychology,11
"Good, Bad, and Ugly Leadership Patterns: Implications for Followers Work-Related and Context-Free Outcomes (Journal of Management, 2021)",8
Looking for HELP/Suggestions on Personnel Selection,1
Starting Salary of occupational/ I-O psychologist in UK,6
Help me design a silly experiment for fun,6
Employee Experience Management,7
HR Data Analytics / People Analytics Certifications?,23
What are you working on? - December 2022,8
Providing interview questions to applicants prior to the interview.,8
"Recommendations on a measure/scale to get a sense of how people are feeling prior to a big structural change? I intend to run it a few times this year to keep a pulse on things. JAWS, JDI and JIG are options but there may be something more appropriate that Im not aware of?",13
"Bi-Weekly /r/IOpsychology Discussion - What have you been reading, and what do you think of it?",7
Looking for an I-O Psychologist for a Graduate Paper interview,1
What factors should I be looking for in a college to be successful in the future for IO Psychology? What does a linear path look like?,18
Thoughts on the Lumina Spark for Leadership Development,5
Sometimes I have trouble dilineating where our field ends and business or politics begins.,1
What are the most valid personality tests for recruitment?,17
"May I please have recommendations for a layperson guide to personality disorders in the workplace, preferably from DSM5+?",0
Any org psychs in MBB consulting?,5
"A leaked Amazon memo may help explain why the tech giant is pushing (read: ""forcing"") out so many recruiters. Amazon has quietly been developing AI software to screen job applicants.",18
"Realistically, What Are My Grad School Chances?",8
Walmart shooting raises need for violence prevention at work,39
"The Effects of UPcomplish on Office Workers Sedentary Behaviour, Quality of Life and Psychosocial Determinants: A Stepped-Wedge Design (International Journal of Behavioral Medicine, 2022)",5
Best way to measure how something affects Job Satisfaction?,4
20 years experience in corporate leadership training has taught me that 95% of it is a massive waste of money!,63
"Interpretation of Hogan Assessment Results (HPI, HDS)",2
Most Recent SIOP Income and Employment Survey,42
Is there any scientific proof that personality and cognitive tests work for recruitment?,24
Marrying 20 years in tech to IO,13
Please Share Your Newly Published Articles,2
What kind of person goes into IO?,44
Any research on what factors affect the validity of assessment methods?,6
What made you decide I/O,17
I/O topics with small moral components?,2
Looking for a website that had almost all the papers for surveys,1
"Hi, does anyone know whether the recovery experiences scale is free to use for research purposes? Does it require permission from the authors?",6
Is there any way to view poster information from SIOP 2022 online?,1
what does a day in the life as an io psychologist look like?,16
How would you approach translating survey items and academic material into multiple languages? How can you ensure consistency of meaning etc?,5
What do you regard as essential readings on change and resilience?,3
Taking 4-5 years to do part time masters in US. Concerned about knowledge retention.,19
"Bi-Weekly /r/IOpsychology Discussion - What have you been reading, and what do you think of it?",2
Unconcious bias,4
Any readings about the math and statistics behind classical test theory?,10
Is there a list of tests for various traits,2
What ethical problems have you encountered in your career?,20
Best online master's program for I/O psychology?,3
Where can I find sample social network analysis data sets?,3
Elon Musk scraps Twitters work from home policy,48
competency model developed with company values,7
Any tips on taking the SHRM certification?,9
"PhD and working full time? Good or bad idea? Hi Im considering doing both, hopefully trying to match both (ie research topic being relevant to the org and myself). Have people done it? The potential PhD supervisor seems okay in terms of time expectations on the work.",5
are you content with your io degree?,30
Job opportunities,2
cut-off scores,2
Best book on qualitative research method,12
Idea for a bachelor thesis,1
German IO Job names,7
"Under new WHS laws, Australian employers will have an active duty to protect workers from psychological injury",25
Curious if anyone would be willing to share how they structure their select assessments function in their company,6
Questions about the field from an undergrad,3
Second-year Canadian university student with questions about research and career paths.,4
What job analysis methodology do you recommend? I want to strengthen a selection process for a high risk role but want to look deeper into the reality of the role. Any references welcome.,9
I/O psychology vs Buisness analyst,7
SIOP registration transfer,13
Hogan Certification worth it?,9
Four-day week: major breakthrough as most UK firms in trial extend changes,21
"Bi-Weekly /r/IOpsychology Discussion - What have you been reading, and what do you think of it?",6
Conferences?,5
Psych-&gt;corporate,9
Undergraduate wondering if I should transfer schools,1
Struggling between I/O psychology and School Psychology?,1
Systems Theory Resources,10
What are the top or most prestigious I/O psych schools?,15
Neurodivergent Selection,12
IO Icebreaker activity,2
Work &amp; Organisational Behaviour Research - Request for Survey Participants (Work Ability &amp; Presenteeism),5
Value of an education in IO psych,3
Looking to talk with someone who does Executive Coaching for their career. I'd like to learn more about your day to day life and see if this is a good path for me to take. Thank you so much.,4
should I go for a UX research bootcamp,2
"Professionals in Consulting, how did you start your career, where are you now, and where are your next career steps?",36
Graduating with a Major in Psychology and Minor in Business. How should I proceed post-grad?,10
Lab equipment - recommendations,4
what do you do with your assessment data on leaders?,3
SIOP Conference question: Does anyone have an extra room at the Sheraton?,4
Will sales job help me get a job in industrial psychology?,0
Best measure of social support?,5
"Crosspost: Someone asked a question about the validity of MBTI, by the time I set up this submission, it was locked and removed",14
Power BI or Tableau?,6
Neurodiversity within I/O,21
Corrective plans for low performing account managers,5
IO Psychology and CSR,9
"R users, why not python?",10
Do you need to know about IO psych before you register to a master degree of IO PSY?,6
First SIOP Acceptance: What to do,18
Stats in the industry,10
My job not only wants me to create a training which no needs analysis was done for but also wants me to just come up with a quiz for the end of it,24
Going Insane Waiting to Hear Back About Graduate School...,2
"Bi-Weekly /r/IOpsychology Discussion - What have you been reading, and what do you think of it?",2
How long after you received your graduate degree did you land a masters level job?,10
2022 SIOP REPORT ?,5
Research on food service industry?,1
I/O Psych with speciality in cybersecurity?,1
Experience with the OCAI assessment?,4
Should I get a Design Thinking Certification?,4
Take more IO Pysch classes without being enrolled in a degree program?,5
Engagement vs. Experience,12
IO Discord link PLS,4
"Another week, hopefully those applying are hearing back!",9
Employee-focused careers in I/O,8
How to get into Consulting (Human Capital and Organizational Development),27
Limitations of Open Science in Field Research,5
Proper pronunciation of SME,0
How to create a relationship map?,2
What is the best text?,12
Future of continuous listening?,8
Impact of Transactional Analysis (TA) in the workplace,2
A guide for People Analytics?,22
Question about questions,5
"America, we have a problem. People aren't feeling engaged with their work",21
is it hard for a foreigner to find i/o jobs in the us?,5
How to assess the responses to behavioral interview questions?,14
AI Based Assessments,10
Measuring org wellbeing,1
Masters in Psychology after MBA Finance,1
Employee creativity as way to deal with crises at work: The case of covid-19,1
What are possible jobs to work before pursuing a masters?,9
Should I pursue I/O psychology if I wish to get a master's abroad and work in that same country abroad?,8
"Bi-Weekly /r/IOpsychology Discussion - What have you been reading, and what do you think of it?",4
How can I learn more about developing questionnaire items?,8
Reporting / BI Analyst Salary,3
Transition to people analytics role but lack IO background,6
IO Consulting firms profit and experience,8
"Class of 2023, has anyone heard back from any graduate programs yet?",9
How are we to create any good change when this is how people feel,49
Would I be happy as an IO psychologist?,11
Are You Quiet Quitting? Personal Finance Expert Highlights Risks of Doing the 'Bare Minimum' at Work,0
Education requirements,7
"Vox article: ""Job interviews are a nightmare  and only getting worse""",27
career help,6
Aspiring I-O Psychologist!,1
Really struggling with my SoP,4
"I really pissed off people at /r/recruiting by saying experience is not predictive of performance. Since they won't explain why, can someone here?",39
Youre an I/O psychologist on a quest to save the world.,21
job change,7
Trying to write a narrative review paper but I am struggling,2
Leadership Development Certifications,3
Potential Internship opportunities,8
Recent I/O Masters Grad with no experience,4
What skills can I add to become more employable?,24
"good warm up, or refresher in the work of IO psychology",2
Data informing workforce strategy and planning,4
Need help with the right approach for measuring employee's motivation (+ does anyone have the MWMS scale scoring?),7
Attrition analysis,12
"Bi-Weekly /r/IOpsychology Discussion - What have you been reading, and what do you think of it?",2
"Just for funsies, do you prefer I/O Psychology or I-O Psychology",17
Getting I/O or business/organizational behavior doctorate degree ?,1
What can I be doing to improve my skillset during my free time?,13
How do you pitch your ideas?,5
People Development,14
Should I major in psychology at the University of Minnesota or would it be better to go to the business school (Carlson school of management) and go for human resources and industrial relations major?,10
Soft Social Credit Score,10
Database of work sample tests?,5
Time-to-Event Analysis Aversion,11
job prospects in canada and germany,1
SIOP 2023,19
I/0 QUESTION???,0
Question about calling yourself a psychologist ,10
Compensation Research in IO Psychology,11
"Bi-Weekly /r/IOpsychology Discussion - What have you been reading, and what do you think of it?",9
Does It Matter If It's An Online Degree or Not?,13
SIOP Conference - Activation Code?,1
Talent review,0
Informed Consent for Job Applicants?,2
Thinking of pursuing my MS in I/O- advice?,14
How to explain the purpose of an IQ test without calling it an IQ test?,9
RMPA Presentations?,3
General I/OP career advice,6
What are the books/journal articles/literature that you live by as a researcher/practitioner in I/O Psychology?,16
IO or HRM masters?,13
Can you make $100k without a master's? Can you become a consultant without a master's?,20
Does rem experience transfer well/ if at all - to OD roles?,1
The DSM of I-O Psychology,24
Harvard Business Review,21
Journal recommendations,3
Is mission alignment considered job relevant?,1
Concern over not committing to an original thesis idea,10
Question on Hertzberg's Two Factor Theory,3
Job analysis question for practitioners,10
Career with chronic illness?,10
How do you feel about McKinseys Imbellus game?,2
What do applicants dislike about selection procedures?,7
Gordon Ramsey inspired me to go into IO Psychology,44
"Bi-Weekly /r/IOpsychology Discussion - What have you been reading, and what do you think of it?",10
Internship Advice,1
Tools for auditing company culture?,3
Career Path Advice,7
Mentoring Communities,5
Interesting New TIP Article: I-O and HR: Does HR Know About Us? (***Spoilers**** Nope),21
What is the research design for this?,4
Do Internships in Different Countries Matter?,3
Possible to break into the field (again)?,8
"What explains recent tech layoffs, and why should we be worried?",7
Occupational stress index,3
Why am I so unproductive at my desk but not other areas?,8
SIOP Conference: Has anyone gotten HRCI credits approved?,1
How to get research experience,8
How to improve organizational culture?,5
Is there research around the benefits/drawbacks of keeping self-evalutions but removing the quantitative component for performance reviews?,14
Scale for Seeking Relationships at Work,3
Question on starting/teaching an I-O course at a community college.,13
Looking for your: Recommended Resources and Career Guidance,8
Anyone excited to go to SIOP?,19
Is masters in general psychology enough or is IO masters essential?,14
I/O Career help.,7
The psychology of layoffs,22
Is it possible to go from a masters in I/O to Clinical psychology?,5
"Baby Boomers Are More Sensitive Than Millennials, According To The Largest-Ever Study On Narcissism -",21
Job path,5
Announcing the Beth E. Buchanan Graduate Student Scholarship Fund,42
Interesting discussion of I-O Psychology field and in its tensions in 2013. How similar does this feel to you?,4
Moral emotions in I/O Psych from an evolutionary perspective?,1
"Bi-Weekly /r/IOpsychology Discussion - What have you been reading, and what do you think of it?",2
IO- and Neuropsychology topics,10
Gender-biased language decoder,3
Open Source Tableau,3
Starting salary with a masters in I/O?,28
Spurious correlation exercise,10
Job board specifically for I/O Psychology,24
Is there a list for I/O programs in California,7
Research on drinking culture at work?,14
Job analysis,4
"AMA Tara Behrend, SIOP President-Elect, future of work researcher, professor at Purdue!",74
Most research active organizations?,17
How to choose an assessment for a hiring process?,5
What are your unpopular IO Psych opinions?,61
Help with Dissertation!,1
I/O Podcast,24
What to do next.,5
IO Psychology Careers Job Security,8
Undergrad advice!,1
LGBTQ+ Researching Scholars,12
"Bi-Weekly /r/IOpsychology Discussion - What have you been reading, and what do you think of it?",8
ChatGPT on how to use ChatGPT for HR,12
Virtual SIOP Conference vs in-person,9
"Does io psych talk about why professional world words can sound extremely formal, maybe royal? for example interviews are often not done ""done"" but ""given"" or ""offered""?",7
Ethical leadership in workplace settings can cause narcissists to become angry and withdraw: Study finds that anger is the mediator between those with narcissistic personality traits experiencing ethical leadership and their subsequent withdrawal.,23
"Looking to make a Lateral move from non-profit Child welfare education/mental health based programs as a Supervisor, into Data analytics type role",7
could artificial intelligence replace IO psychology in the future (2-3 decades),17
Are SHRM or HRCI certs valued in the I/O field?,14
What was your most memorable and/or favorite gradschool experience?,6
Topics that Dont Have Enough Research,11
ChatGPT on what we would be a good name for our field.,45
ChatGPT has become an IO psychologist,112
Do career interest surveys actually do anything?,4
"Announcing upcoming AMA March 15h-16-17th at noon Tara Behrend, President-Elect of SIOP, future of work expert, and professor at Purdue!",34
How to break into the I/O field?,8
Volunteer or gig I/O work?,7
IO Psychology Transition Advice Needed!!!!,5
Research and Discussion of Perceptions on Applicant Assessment,4
What is your professional opinion in thebusage of this question and your knowledge of this general approach to candidate screening?,7
Conferences other than the annual SIOP conference?,6
what are you doing for your continuous listening strategy?,6
How to start my career in IO?,11
Good introductory I/O textbooks?,15
"Bi-Weekly /r/IOpsychology Discussion - What have you been reading, and what do you think of it?",5
Resources on Critical Roles,8
2023 Grad School Q&amp;A Mega-Thread,27
Employee Engagement in Large Company,13
Best Stats Courses to Prepare for Masters Program?,11
Questions on determining the sample sizes for pulse surveys,10
Korn Ferry 360 Certification,9
"As current IO practitioners and lifelong IO ""students""",14
Free time among academics vs practitioners?,10
Proposing to Volunteer to do HR Analytical Work in Current Role (HRC),5
Searching UK Internships,2
What Were Your GRE Scores? [Admission for Masters Programs],2
Possible Internship Advice,7
Im looking into applying for the masters program near me. One of the requirements is a LOR from a psychology professor. Ive been out of school since 2017 therefore dont have any relationship with previous professors. Does anyone have any advice? Feeling kind of stuck with that.,7
MBTI &amp; Big five,10
Just curious on some career choices within this field? I went to college w the intention of following w my masters in IO psych..,7
Best route to get into consulting or to work for a consulting firm?,8
Shadowmatch,1
Non-academic research jobs,7
Salary Outlook For Master's-Level I/O Psychologists,16
How to Break Into I/O Jobs?,10
Masters in I/O in Canada - Job Prospects?,5
Questions About Prospective Online Grad Program,1
A fork in my career path.,12
Internships are Tough: An Overview of One Grad Student's Experience,35
Self-Taught Stats,13
I/O Related job?,9
"What's a statistical / research methodology, that's not usually taught in grad programs, that you think more IO's should be aware about?",22
"Bi-Weekly /r/IOpsychology Discussion - What have you been reading, and what do you think of it?",4
HR undergrad - can I still get into a Masters in I/O?,9
Any Good I/O Related Jobs Before Getting Masters?,16
Repository of assessments?,4
Career advice,9
"Pyschometric experts / IO Pyschologist, how did you switch jobs?",9
Malpractice insurance for independent consultants?,5
Is this the right flow for a workshop?,1
AI seems poised to take over many jobs how will this affect I/O as a field,14
Advice for current undergrad?,11
Best books for someone learning SPSS for the first time?,4
Career Change - Tech Exec to Psychology - Ideas &amp; Help?,3
Getting an entry level job,12
Licensure for consulting/networking,9
Getting into IO Psychology in college?,8
Feeling Stuck,19
Organisational Health Index (OHI),4
Looking for recommendations on books on structured interviews,10
"Bi-Weekly /r/IOpsychology Discussion - What have you been reading, and what do you think of it?",6
Salary and growing areas of I/O,1
Summer Internships,12
Does the B.A. / B.S. distinction really matter for grad school/job apps?,10
NYT DEIB Article,3
What does research look like in IO Psych?,5
Is a phd worth it if I dont want to go into academia?,27
"Does anyone have any ideas or suggestions for a topic question to research for a psych thesis, thats related to IO psychology?",1
Is majoring in business a good idea?,10
Psychology Applied to Work,2
Idea for an intervention on student organization member retention,5
ONA for performance reviews,5
Why not select on intelligence?,6
Would I be able to,4
What made you choose IO over other areas of psychology?,18
NYU vs Columbia vs Baruch Masters,2
"Having a hard time understanding the career path of a IO major. I have a psych degree and work in logistics transportation. Looking to move into something else and get a master in either HRM or IO. I get where youd go with HRM, but what are the actual jobs youd land with a masters in IO?",11
"Studying Abroad, and Working at Home",7
Is the GRE Worth It?,10
Leader Influence Course,0
grad cap ideas?,2
How to learn R for free?,46
Advice regarding Masters in OD vs HRM,2
completed masters in I/O looking for courses,1
Academics: think about the best grad-student youve ever had or worked with. What made them so great?,15
Performance Review Software?,7
Informational book recommendations,9
Transitioning from clinical psychology to I/O,6
Research regarding job applicants being too experienced?,13
Recruiter a good first job?,6
How competitive is getting into a masters programs for I/O psych?,6
I met some practitioners at the conference and they had an assessment tool for practice that measured something specific that interested me. Would it be rude to ask about taking the assessment at a discount or even for free just to see how it works?,5
Help! I suck at Facilitations/Workshops!,9
SEM Help,4
Please help me answer this question,0
Sustained interest and actions post Behavioural assessments,3
"Bi-Weekly /r/IOpsychology Discussion - What have you been reading, and what do you think of it?",2
skills-ml,3
Compassion as a Daily Practice -- leadership skills,0
Jobs outside of corporate or general career advice?,13
How serious is the researcher and practitioners gap is?,12
Factor analysis vs. network analysis,6
Advice,6
Good jobs for IO graduate students?,10
Seeking open source syllabus for intro IO psych class,5
Conclusions from Landers et al. 2023,22
Management of Dependent Personality Disorder in the Workplace,3
Should I go to Academy of Management Conference?,6
Examples of personality tests used in selection?,2
I got passed over for a job because I stated in the future I would like to have a different job at the same place,8
Career advice,3
Defining I/O psychology to the general public,9
Interview questions or group interviews,1
Hows the job market within IO or Hr right now?,14
Connecting / Networking in the Bay Area?,9
Anyone knows any research on relationship between PERCEIVED ORGANIZATION POLITICS and TURNOVER INTENTION. ???,0
HARKing,7
"Bi-Weekly /r/IOpsychology Discussion - What have you been reading, and what do you think of it?",3
What are the most essential parts of stats to know for going into industry?,16
Does IO seem like a good fit?,4
IO Psych question,4
Rejecting a job offer that I really wanted&,19
POP and TOI scales,1
IO psychology to Clinical Psychology. How difficult?,11
Academia is broken ....,33
Best validated and reliable psychometric tools?,11
Is ETS a good company to join as a psychometrician?,12
SHRM Certification?,10
Career paths,6
Im currently an instructional designer. Going to the consultancy route. Helping companies develop elearning programs and departments. Would pursuing I/O psychology help my career?,11
"Found this sub and am now panicking, looking for advice",16
Looking on SIOP website for call for proposals for 2024 conference,3
Any good bachelors programs for I/O psychology in California?,3
"Bi-Weekly /r/IOpsychology Discussion - What have you been reading, and what do you think of it?",7
Anyone applying for a Master's in I/O Psychology course for 2024? Is I/O worth it?,29
"BusinessInsider: Francesca Gino's $25 million lawsuit will scare researchers away from calling out suspected fraud, scholars fear",17
Journals for Current Work Motivation Research?,6
Why do psychometricians use interaction model instead of Chi square to test fit of data?,1
"Thoughts on the recent HR tech consolidation? (Perceptyx acquires Humu, HireVue acquires Modern Hire, Harver acquires Pymetrics)",31
Scope of IO psych,1
Job Help,7
AI and I-O Psychology,5
I want to switch away from our field. What careers would be easy to transition to?,17
Should I keep studying this?,6
Graduate Level Internship Searching,12
Entry-Level Psychometrics,14
Does anyone know whats the average pay for occupational psychs with 5-10 exp in the UK?,6
I/O jobs in New England?,8
Business vs IO electives,3
What upskilling and further development should I undertake as an IO psych grad?,11
Wanting to Move Away from HR and utilize my M.A. IO degree [California],14
wasn't planning on going into HR but it seems like the easiest option,10
Looking for some research-backed change resistance models,7
Help me please,2
A few questions about careers in IO Psych,18
"Bi-Weekly /r/IOpsychology Discussion - What have you been reading, and what do you think of it?",3
Board Review Help!,6
Help,2
how much research/data knowledge do you need before doing an IO Mc?,5
How has survey fatigue affected your organization? How do you proactively manage survey fatigue?,8
Easy-to-read introductory texts on structured interviews?,7
Where can I sign up to do volunteer research/data analysis?,4
Alternative Method to Standardizing Test Scores,6
"Why do 'wellbeing agencies' rarely show ROI on their interventions, or any monetary results?",6
[Discussion] Where are the posts about the NYC teachers exam payouts? This is huge I/O News.,8
How to transition Clin Psych to IO Psych,11
Literature/white papers about hiring assessments?,9
Are you a consultant?,14
 I havent read one single book or article after I graduated,32
Where can I learn to do surveys,6
"Hey! Does anyone have a good dissertation topic idea related to leadership and trust? Im hoping to collect the majority, if not all of my data online, so bonus if the topic allowed for that. Thanks!",0
How difficult was it for you to find a well paying career after you graduated? And more questions.,21
Literature recommendations on employees refusing promotion,7
Exit interview resources,4
Are there undergraduate IO programs?,8
Measuring Regrettable Loss,4
CV,6
"Bi-Weekly /r/IOpsychology Discussion - What have you been reading, and what do you think of it?",6
Can you recomend interesting Industrial/organizational Psycology literature to help me prepare for my gradschool interview?,14
Transitioning to IO Degree with a Varied HR Background and a 2.7 GPA,8
"Hey guys! Looking for grad schools for Industrial and Organizational Psychology! Whatre the best grad schools in your opinion with excellent programs. Any recommendations within Europe, Canada, and or the States?",0
How will we test AIs for IQ?,2
training and development articles recs?,9
Advice for an undergrad,8
Time from ad to hiring,6
Internship Questions,13
Finding Research Lab?,5
Best place to intern for I/O Psychology during school? Best way to get an internship?,3
Obtaining Item Desirability Ratings automatically using NLP: Paper and Web Application,5
audiobook recommendations,2
what do you learn from a research paper?,15
Im considering a Masters in Industrial and Organizational Psychology. What jobs would be available to me post-graduation? HR jobs are recommended. Anything else? Please share your own experiences.,21
"Python! How to learn it? There is plenty of information online, so its hard to find the right path for IO psych. I remember I did an R course in Coursera that wasnt useful but a uni paper in a stats made all the difference. Any tips on how to start right on python?",14
Double Major + Minor for I-O Career?,7
"Applied Researchers: if you could do your PhD over again, how would you do it?",14
Team interventions,5
"How much do you advice is a fair cost for a project involving: designing a culture survey, running it on quarterly basis over a year (two full and two pulse checks), data analysis, report writing and presentation of results (PPT and reports x 4; one set per survey). Its a small organisation.",3
"Bi-Weekly /r/IOpsychology Discussion - What have you been reading, and what do you think of it?",6
Undergraduate jobs,6
2023 Graduate Program start,20
Undergrad seeking field related jobs,11
Job search is bleak,22
PI Behavioral Test,3
"This Thursday: a panel on life after grad school, focusing on the job search and career paths. Register using the link: http://bit.ly/LifeAfterGradSchool",27
AI Affecting I/O?,17
Conducting Independent Research?,9
Any recommendations for internships to look for?,10
New allegations of research misconduct centered on Francesca Gino,48
What can I do to get more money?,10
Looking for jobs after graduating from a Masters Program,21
New graduate looking jobs in Netherlands,6
"Personnel/Work Assessment: should a ""perfect"" score be attainable?",12
Soon to be MSc Business Psychology Graduate,9
Regular content you review as a practitioner?,1
"Bi-Weekly /r/IOpsychology Discussion - What have you been reading, and what do you think of it?",3
Hogan 360 Certification Vendors,4
Talent Acquisition Interview Workforce Capacity Analysis,6
GPT use cases,10
Any PhD students decide to master out instead? How did it work out for you?,12
Need Advice and Suggestions,2
SIOP Guidelines for Education and Training,9
School interview,2
Professional inquiry,5
Confused About My Path (Undergraduate),8
Research on Family-Supportive Supervisor Behaviors,1
"Advice: People analytics, HCM, or HR technology enablement",9
Happening TODAY (Nov 6) and Nov 7: SIOP hosting a conference for undergraduate students interested in pursuing a PhD in I/O.,10
We are in the top 50 of psychology subreddits!,62
Time to finish degree,2
Action planning sensitive surveys,4
Assessment Help - Scoring for Speed and Accuracy,1
IO Psychology or Data Science? Question?,12
Why is MTSU IO Psychology program so acclaimed?,12
"Bi-Weekly /r/IOpsychology Discussion - What have you been reading, and what do you think of it?",3
Had someone ask me today about the CliftonStrengths personality assessment. Is anyone familiar with it?,11
SIOP Jobnet Website,12
"Recent IO psych masters graduate hit a wall on long job search, any advice?",51
Choosing a Degree/Direction,8
Best and Worse Part of Your Job,13
I/O Psychologists what is your job title,71
IO psych or not,14
"Free virtual conference for undergraduate students interested in obtaining a PhD in I/O, hosted by SIOP on Nov. 6th and 7th. Save the date!",13
Behavioural Interview,15
"What is the viability of projection testings? How much they are accurate in accessing an individual's personality, what are its limitations?",2
"Bi-Weekly /r/IOpsychology Discussion - What have you been reading, and what do you think of it?",4
Is another masters in quantitative methods or data analytics worth it?,6
ADHD at Work - Research,5
Can anyone who landed a job in the past few years please share an anonymized version of their resume?,20
How important is enjoying generalist HR work when determining if IO is right for me?,10
Career kickstart,8
Why do so many I/O folks become self-employed consultants and how viable is that really?,27
Skills assessments,4
Im really confused about my pathway to becoming a organisational psychology (need assistance),5
Meeting facilitation question,2
ChatGPT saturday fun - prompts I used,8
Any Organisation Change Management Consultants in this sub?,6
Scholarships for MS in IO Psych.,3
Certs / Courses under $500,6
Persuade me into pursuing a masters in IO Psych,0
Best place to find Case Studys?,0
Opinions on eNPS?,6
"Bi-Weekly /r/IOpsychology Discussion - What have you been reading, and what do you think of it?",5
Breaking into Consulting with an I/O Degree: Seeking Insights &amp; Guidance,12
Pre-grad research,5
Talk me in/out of reaching out to a company about my dream job posting,10
Working in Compensation as an I/O?,5
IO Psychology and PR,3
Grad Student Informational Interview,9
"Employees are often frustrated by their organisation. A simple notion, the principal-agent problem, provides many insights into why it is the case.",8
Clarification on what counts as a criterion validation study (uniform guidelines Q),8
IO in MA or Applied&which to choose?,5
First Career Step I/O (I hope) - Nonprofit HR Generalist,7
"For those of you that went applied, how did you handle theory-heavy readings in grad school?",13
Interview Prep,4
What is usually the longest section of a research article?,3
"Can creativity/innovation be ""managed""?",8
"Bi-Weekly /r/IOpsychology Discussion - What have you been reading, and what do you think of it?",3
Applicant reactions to selection tools,10
I/O Psych job outlook and security within the next 10 years,18
Advice needed for STEM IO psych colleges,5
Could Waffle House claim fighting is a BFOQ?,17
Master's in IO Psyc ( ~1.5 yrs post-grad) Looking for Job Search Advice!,18
Deprogramming the Cult of the Workplace Personality Test,10
Teams Needs Assessment,2
Industrial and Organizational Psychology Generalist Certificate,5
Landing a Job After Getting Masters,5
Organisational psychology in Australia,6
Looking for advice on analyzing survey data and best practices,7
Human Resources Career vs. Consulting,10
Graduating IO Psych student,10
Looking for a job after my degree,3
Anyone using Generative AI effectively in industry yet?,12
What would be included in the I/O Psych Iceberg? [Discussion],12
Collaboration VS Performance Management,6
Companies that would benefit from a training program?,2
"Bi-Weekly /r/IOpsychology Discussion - What have you been reading, and what do you think of it?",3
How can IO Psychology be leveraged to fight the War on Climate Change?,13
The Chicago White Sox: Narcissistic Leadership Tendencies at the Top,13
Most popular meta-analyses,18
PhD vs. Work after Master?,7
Internship Opportunities,11
how easy would it be to get into I/O psychology with a master's in mental health counseling,5
Job Description,5
Social psychology PhD,13
Average GRE scores?,5
GRE Scores,3
time well spent in lab meetings,5
Writing A Job Analysis,20
Seeking Advice for conducting Future-Oriented Work Analysis with a Small Sample,6
Research on one-year timeline for employee onboarding?,3
Websites or platforms with stock of questions,5
"Non-EU, Non-Dutch speaker, Social, Health and Organizational Psychologist graduated from Dutch university trying to find a job",5
Passive Income,14
Planning to get a I/O psychology M.A,10
"""Head of Organizational Behavior Services"" as my title and experience. Where to build on a bachelors? Looking for input.",5
Looking to study IO Psychology Abroad,10
I/O psych bachelors + different behavioral/psych masters concentration.,3
Intro to Human Resources non Transferable (I/O - Applied Psych Major - HR Minor),3
"I/O accelerated masters, I/d/k? Indecisive &amp; worried..me too.",5
Side hustles,9
Associate's in Human Resource Management then Bachelor's in Applied Psychology?,3
Book recommendations,11
What is your 2-Minute Elevator Speech?,5
Resume for Grad School Application,7
what skills are required to be better than others?,4
Predatory Graduate Programs in I-O Psychology,61
Work Sample/Portfolio,1
Reputable IO Training/Certs,9
Masters vs Bachelors,5
Selection Assessment suggestions,3
"Practitioners with PhDs, how much research do you do?",7
What statistical analyses should I do if I have multiple post-tests?,5
Masters in Psychology (Clinical or industrial),1
Career Transition to IOP,4
How did you obtain clients as an I/O consultant?,21
data science,9
alone time?,8
Additional Income?,20
scope of io in uk,9
Stats course,5
Choices,6
Advice on entering this field!,9
Experimental research approach,2
I-O Psychology in the Age of AI,6
"Bi-Weekly /r/IOpsychology Discussion - What have you been reading, and what do you think of it?",7
Jobs Titles for Selection and Assessment,14
salary?,28
I'm taking a class called advanced personnel psychology. What can I do to to prepare myself?,4
Is GPA a flawed academic performance metric?,6
Looking for career in Survey Analysis/Design,11
career path,3
SIOP Conference - should I attend?,13
Keywords for job searching?,9
Pivoting into People Analytics from Social/Clinical Research,6
How Will AI Revolutionize Talent Assessments In 2024?,6
Studies on how excessive meetings benefit slackers?,5
Can someone recommend any reference books for various assessments?,7
Best european city to work in i/o psychology?,8
Consultant,4
Which program,2
Conference decisions,9
Conference decisions,3
Erasmus Mundus Wop,6
Positive/ Inspiring I/O Stories,16
Curious Counseling Master Student,5
How involved were your committee members in helping you develop your dissertation?,5
Is it okay to submit a CV with internship applications?,8
what are some good book to read on IO psychology for a beginner?,17
Dual bachelor's degrees - a good idea or unnecessary?,5
Best Resoures for Learning IRT in R?,9
Challenge finding a career according to personality,0
Is this the right subreddit to talk about job crafting and work design?,8
"Bi-Weekly /r/IOpsychology Discussion - What have you been reading, and what do you think of it?",3
South African Junior Graduate options,4
is what i'm interested in a subtopic of IO Psych or is it more closely related to something else?,8
Jobs,0
Job scene in USA,11
Consulting,3
Not sure who else has put more energy into helping people get into IO,81
We still have a little time left before AI takes our jobs.,22
A Lurker Posts,7
Organizational Behaviour vs I/O psychology vs Psychology?,10
"ChatGPT/DALLE rendering of a ""stereotypical IO psychologist actively working""",23
How to learn R programming if you have no coding background?,42
How to deal with the 100+ facets of the Wave questionnaire...,7
Outside opportunities for a research career?,3
Statistics for feds in I/O,8
Recommendations for undergraduate-friendly Personnel Psychology textbooks?,5
Has anyone decided to start their own consulting business? What are some tips for running your own firm ? How did you start and where how do you attain leads?,10
Struggling to find job in IO after graduating,41
Grad students: How much drama is in your department?,7
SIOP 2024?,2
Regretting M.S. I/O,36
Personal Thoughts on IOPsychology,5
IO Psych in the UK,8
"According to this study by Qualtrics, 46% of market researchers feel 'very confident' using AI in their work.",2
I/O psychology or pursue school psychology??(please help),5
2023 SIOP salary report,12
Question on job analysis survey items,1
"Bi-Weekly /r/IOpsychology Discussion - What have you been reading, and what do you think of it?",6
Summer remote internships? Gaining experience in I-O,11
Seeking your positive work life stories,13
Current scenario of I/O or WAOP in UK and Australia?,8
"I desparately want an accademic research career, but I don't feel set up for success due to a lack of social support.",8
im a clueless college student but IO Psych is the first time ive felt like damn.. this is something i really want to pursue,38
career change,8
Changing career from teaching to consulting/IO related jobs,9
best way to break into this field?,11
Where to get research experience while not in school?,7
Course Syllabus on Mixed Methods Research?,3
STEM I/O,5
Career Advice for a PhD Student in Organizational Behavior,7
Can a Masters in I/O Psych allow me to teach undergraduate psychology?,12
Anyone with an M.S. in I-O Psych working in Operations at a Company? Career Question,4
Research Topic Suggestions,0
Invitation for Professionals,3
Advice for a highschooler,4
Why does online ranking site US News say that University of Minnesota TC offers a masters in IO Psych when it is the Duluth campus that offers it only?,2
What kind of internship expereince will help with grad school applications?,4
Certificate programs for I/O psych,6
"ATTN: SIOP members, your input needed!!",13
Leadership Skills Assessment Tools ,3
"What is the difference between work, organisational and Human Resources psychology ",2
"Job Search, M.A in IO",28
Learning Masterclass: Why Learning Isn't a Spectator Sport with Charles Jennings,5
"Bi-Weekly /r/IOpsychology Discussion - What have you been reading, and what do you think of it?",4
Career change,10
Serious question ,13
How to proactively measure strain/burnout/employee well-being?,7
[Philippines] Engagement Consultant,4
Any advice for some grad students starting a pro bono consulting group?,9
How do you assess quality of primary research,6
Cornell career fairs this spring?,0
I/O domains,2
Deciding between social or cognitive psych supervisor for undergrad thesis,3
WOP-P,0
I/O psychology in esports?,4
Chances of finding jobs during SIOP?,7
Leadership Development,6
Unfulfilling Job,40
I/O psychology or Clinical psychology?,2
"People who have had an interview for the masters, what is your biggest piece of advice?",8
How to talk about validity and reliability in laymans terms,4
"Hello. I'm from India,I am interested in studying Organisational Psych in the UK so applied for a few courses, got an Offer Letter from Birkbeck for their MSc in Organisational Psychology program, is it a good course,good university? can someone from the UK please answer.",0
Interesting gamification personality test,41
"Hello all, I am looking into some distance learning I.O phycology in Germany in private universities, I want to jear some general opinions for thoose, has anyone studied or has connections that studied there and can provide any info ?",1
How much psychology do you use in your job?,11
Interesting traitify discussion,7
SHRM,2
LinkedIn as a new selection method,3
Manufacturing?,1
SHRM C Student Fee,3
best undergrad double major OR minor?,4
Why I/O?,9
Is anyone familiar with both SIOP and SOHP?,8
The SIOP 2024 Machine Learning Competition is Now Live,10
Advice for I/O Psychology,2
Behavior Change/Change Management Resources,2
Stuck in limbo,5
"If I wanted to pursue psychometrics, would a masters in stats be better or should i still pursue I/o psych",3
You think a software can combat employee survey fatigue?,3
"Bi-Weekly /r/IOpsychology Discussion - What have you been reading, and what do you think of it?",5
Would you recommend a non-us to do masters in the USA?,5
[X-post] useless interview questions,11
Who here has left I/O and then successfully returned to I/O?,7
4+1 IO Masters Program  thoughts?,7
Organizational psychology - need guidance on Canadian certifications,5
Join the 2024 SIOP Machine Learning Competition,16
Bachelor's Degree for an I/O Psych Career,5
"non-EU, IO Careers",1
How likely do you guys think it is that AI will take your job?,1
So like&what do you guys do as industrial organizational psychologists on a daily basis?,29
Research Question,2
Struggling with job search any recommendations?,8
Connections to health and positive psychology,9
CORE RECON Assessment,4
Any recommendations for IO Psychology graduate programs?,0
Internship opportunities for IOP PhD students?,4
"Any Open Access ""top journals"" in our field?",1
Ambient Data Analytics,3
MBA and Master of I/O? Worth it?,4
graduate programs/ best career path ?,3
Jobs for new IOP grad students,11
Well-being at Work,19
Suggestions for IO research topics related to game industry,7
"Canadian IOs, how are we doing in this job desert",6
Should I get a data r programming certificate that my college offers as well as my bachelors in psych?,8
What is your Job Title?,30
Only in America?,2
Undergraduate Path - Business Double Major?,2
Is studying cognitive psychology/knowledge acquisition in undergrad going to help with I/O Psych grad school &amp; field work?,2
"Bi-Weekly /r/IOpsychology Discussion - What have you been reading, and what do you think of it?",3
Resume Review Help for Grad School,3
How to become an IO Psychologist,9
Resume/CV advice,8
Just got rejected for a Talent Development role for my personality,47
Do you have any must read articles or any other literature?,8
I/O Adjacent Work?,6
Deploying selection assessments,5
advice,4
How many of you work in consulting and how applied do you get in that realm?,3
Do I/O Psychs need a background in developmental psychology?,6
Transitioning Careers,5
Best certificate program for I/O psych,5
Are internships in HR recommended if I eventually want to do a Ph.D. in OB?,6
Math/Stats Knowledge Required to be an I/O Psychologist?,10
I heard about this conference open to any I/O's interested in diversifying the field.,3
Minor in Business Administration or Human Resources?,5
paths to IO Psych?,3
What is an acceptable salary for this position?,1
FYI: Virtual event Jan 16 from MMPAW if you're looking to build your IO consultancy,8
"Bi-Weekly /r/IOpsychology Discussion - What have you been reading, and what do you think of it?",5
"I'm 15 years old and thinking of pursuing the same job as my aunt, I still don't have proper knowledge of Industrial and Organizational Psychology. It will be great if you can give me your opinion in this kind of topic in simple terms (Thank YOU!!!)",5
Independent research or name attached to professors research @ undergrad level,5
entry level job suggestions,6
Laid Off From Tech - Looking to Pivot to I/O Degree and Job.,11
Felt/Rag-Type SIOP Posters,1
i secured a position as an RA for an I/O psychology lab this fall! what can you guys tell me about I/O psych?,6
Day in the life of an IO Psychologist,18
Workday Certification ,5
Are HR folks delusional by justifying this to be added in their job posting?,97
NYU and TC students/alumni,1
I need some guidance.,2
Any IO psych here currently working in Business Analytics?,6
Writing and Publishing Book Reviews.,2
How to equate two tests which have no item in common? Which techniques do psychometricians use? Any names?,5
counseling vs io psych?,2
Join us for the 2nd annual IO discord meetup @ SIOP!,20
Learning and development professional,5
PhD student looking for feedback on resume,13
What are some current trends/news coming out about how organisations are changing?,9
Recommendations for jobs after PhD? Europe based,4
Entry Level/Gain Experience,15
OD workshop options help! ,5
Econ and psychology double major?,3
"IO Psychologists working in industry, how do you access research and keep up with it?",27
Some questions from an undergraduate,7
"Bi-Weekly /r/IOpsychology Discussion - What have you been reading, and what do you think of it?",10
new haven vs hofstra,0
Criteria Corp Aptitude Test,1
Just got accepted to UHCLs IO MA Program,7
Career advancement ,5
IO folks working in the field - would you say that your work is interesting/meaningful/allows you to have work-life balance?,10
Join my psychology and typology based discord server! 18+,0
got an admit from unh,4
"Trying not to be discouraged, please help! Re: PhD in I/O Psych",3
Do you send thank you note email after each job interview?,6
Uncertain about the scope of I/O in India,10
Need Some Hope,35
"Flaired ""data"" because it is facts",55
Program decision help,4
Complementary studies for the degree?,5
Brining Resume to SIOP,6
Hood Color? ,2
Job Recommendations for recent undergraduate looking to get PhD in IO Psych,7
"Sociopaths, Losers and Clueless: Revisiting the Organizational Theory of The Office",0
IO-related certificate programs or short courses?,10
"Haven't heard back from over 70+ I/O psychology-related internships (HR, recruitment, Marketing, etc.) and summer is almost here. What am I doing wrong?",36
"Looking for reading suggestions to learn more about ""climbing the ladder"" in an organization",5
Is there any way to detect cheating during or after the test in psychometrics?,4
Best School for Online Organizational Psychology Masters Degree?,10
"Those of you in applied work, what are your experiences with R Studio?",15
Transition from Clinical to I/O; is a PhD worth it?,5
Ideas ,0
FT internal job with PT consulting side gig. A conflict of interest?,2
Role and pay transparency ,3
"Bi-Weekly /r/IOpsychology Discussion - What have you been reading, and what do you think of it?",6
Connect the Dots: Knowledge Networks &amp; Social Organizations,3
IO Job Posting,16
Looking for Consulting Firms that provide culture services amidst M&amp;A,3
Suggested reading before MSc in IO Psych (UK),3
Job hunting ,9
Help im confused!,5
Poster Printing at SIOP Conference site?,3
Minor in business?,4
Am I paranoid or the job market is actually bad?,32
HR options &amp; PhD ?s. ,6
Anyone in consulting?,7
Faculty with consulting business,6
Psychological safety measure ,4
EA has interesting selection criteria.,27
How did you find jobs in fields such as Change Management and Organisational Development? What does a typical day look like for you? Any advice for someone in the UK looking to pursue these roles?,2
"Besides funding, how can public policy support creativity in society?",4
Research related question ,0
Types of IO jobs? ,5
Hello fellow IO Psychologists! Do you think its ethical to use AI to generate psychometric assessments? ,8
Looking for advice in getting into consulting ,9
How to get my school to add an I/O psych class?,5
Angry reactions to a post about an intelligence test used in a hiring process. It's worth reading the comments for a clear take on why face validity and fairness perceptions matter to your selection system.,95
Need an IO Psychologist Interviewee!,5
"Those working in the netherlands, how much do you make with a masters degree from a dutch university ?",10
at what level does an msc org psych graduate applies for?,5
Looking for an Interviewee,5
Searching for Literature,9
"Bi-Weekly /r/IOpsychology Discussion - What have you been reading, and what do you think of it?",4
Developer Experience vs IO Psychology,9
Social structures in remote vs. in-person work,6
Exam plans for job analysis,3
Subsidized Certs,2
Job prospects after completing my masters degree in business psychology in Uk,6
Good YouTube videos for job analysis activities?,6
interview invite,2
People Analytics Technical Interview,7
I/O Hot Takes,51
"Work, Sleep and Stress | How Job Passions Influence Well-being",7
What do you work as a IO Psychologist? ,25
Meaningful Internship Recs?,3
Work-Life Balance &amp; Business Consulting ,15
Bank CEO leadership,0
Is police or a start up businnes more transactional,0
Thoughts on 'Insights'?,7
Is it necessary to have work experience before applying to grad school?,7
Survey Researcher,6
